Workbook

Sheet Pipeline Dashboard
B2: Typhon Catheter LLC - Executive Pipeline Dashboard
B4: Total Raw Pipeline Size | E4: Total Weighted Revenue | H4: Active Opportunities Count
B5: =SUM('Opportunity Pipeline'!H5:H12) -> 2780000 | E5: =SUM('Opportunity Pipeline'!I5:I12) -> 739800 | H5: =COUNTIF('Opportunity Pipeline'!N5:N12, "Open") -> 6
B8: Pipeline Breakdown by Stage
B10: Pipeline Stage | C10: Deal Count | D10: Total Value | E10: Weighted Value
B11: 01 - Qualification | C11: =COUNTIF('Opportunity Pipeline'!E5:E12, "01 - Qualification") -> 1 | D11: =SUMIF('Opportunity Pipeline'!E5:E12, "01 - Qualification", 'Opportunity Pipeline'!H5:H12) -> 500000 | E11: =SUMIF('Opportunity Pipeline'!E5:E12, "01 - Qualification", 'Opportunity Pipeline'!I5:I12) -> 60000
B12: 02 - Discovery/Scoping | C12: =COUNTIF('Opportunity Pipeline'!E5:E12, "02 - Discovery/Scoping") -> 1 | D12: =SUMIF('Opportunity Pipeline'!E5:E12, "02 - Discovery/Scoping", 'Opportunity Pipeline'!H5:H12) -> 420000 | E12: =SUMIF('Opportunity Pipeline'!E5:E12, "02 - Discovery/Scoping", 'Opportunity Pipeline'!I5:I12) -> 75600
B13: 03 - Proposal/RFP | C13: =COUNTIF('Opportunity Pipeline'!E5:E12, "03 - Proposal/RFP") -> 2 | D13: =SUMIF('Opportunity Pipeline'!E5:E12, "03 - Proposal/RFP", 'Opportunity Pipeline'!H5:H12) -> 400000 | E13: =SUMIF('Opportunity Pipeline'!E5:E12, "03 - Proposal/RFP", 'Opportunity Pipeline'!I5:I12) -> 135000
B14: 04 - Technical Evaluation | C14: =COUNTIF('Opportunity Pipeline'!E5:E12, "04 - Technical Evaluation") -> 1 | D14: =SUMIF('Opportunity Pipeline'!E5:E12, "04 - Technical Evaluation", 'Opportunity Pipeline'!H5:H12) -> 750000 | E14: =SUMIF('Opportunity Pipeline'!E5:E12, "04 - Technical Evaluation", 'Opportunity Pipeline'!I5:I12) -> 180000
B15: 05 - Negotiation | C15: =COUNTIF('Opportunity Pipeline'!E5:E12, "05 - Negotiation") -> 1 | D15: =SUMIF('Opportunity Pipeline'!E5:E12, "05 - Negotiation", 'Opportunity Pipeline'!H5:H12) -> 180000 | E15: =SUMIF('Opportunity Pipeline'!E5:E12, "05 - Negotiation", 'Opportunity Pipeline'!I5:I12) -> 97200
B16: 06 - Closed Won | C16: =COUNTIF('Opportunity Pipeline'!E5:E12, "06 - Closed Won") -> 1 | D16: =SUMIF('Opportunity Pipeline'!E5:E12, "06 - Closed Won", 'Opportunity Pipeline'!H5:H12) -> 320000 | E16: =SUMIF('Opportunity Pipeline'!E5:E12, "06 - Closed Won", 'Opportunity Pipeline'!I5:I12) -> 192000
B17: 07 - Closed Lost | C17: =COUNTIF('Opportunity Pipeline'!E5:E12, "07 - Closed Lost") -> 1 | D17: =SUMIF('Opportunity Pipeline'!E5:E12, "07 - Closed Lost", 'Opportunity Pipeline'!H5:H12) -> 210000 | E17: =SUMIF('Opportunity Pipeline'!E5:E12, "07 - Closed Lost", 'Opportunity Pipeline'!I5:I12) -> 0
B18: Total | C18: =SUM(C11:C17) -> 8 | D18: =SUM(D11:D17) -> 2780000 | E18: =SUM(E11:E17) -> 739800

Sheet Opportunity Pipeline
A1: Typhon Catheter LLC
A2: CRM Pipeline & Opportunity Tracker
A4: Opp ID | B4: Opportunity Name | C4: Account / Client | D4: Product/Service Type | E4: Pipeline Stage | F4: Project Probability (%) | G4: Win Probability (%) | H4: Deal Size ($) | I4: Weighted Revenue ($) | J4: Estimated Close Date | K4: Sales Lead | L4: Region/Territory | M4: Next Steps | N4: Status
A5: OPP-001 | B5: Nitinol Over-the-Wire Catheter Dev | C5: Medtronic | D5: R&D Contract | E5: 03 - Proposal/RFP | F5: 0.6 | G5: 0.6 | H5: 250000 | I5: =H5*F5*G5 -> 90000 | J5: 2026-09-15 | K5: Sarah Jenkins | L5: North America | M5: Present clinical data package | N5: Open
A6: OPP-002 | B6: Steerable Electrophysiology Shafts | C6: Boston Scientific | D6: Component Supply | E6: 01 - Qualification | F6: 0.2 | G6: 0.6 | H6: 500000 | I6: =H6*F6*G6 -> 60000 | J6: 2027-01-20 | K6: Michael Chang | L6: North America | M6: Schedule engineering alignment call | N6: Open
A7: OPP-003 | B7: Laser Processing & Shape Setting | C7: Edwards Lifesciences | D7: Manufacturing | E7: 05 - Negotiation | F7: 0.9 | G7: 0.6 | H7: 180000 | I7: =H7*F7*G7 -> 97200 | J7: 2026-07-01 | K7: Elena Rostova | L7: Europe | M7: Finalize Master Services Agreement | N7: Open
A8: OPP-004 | B8: Next-Gen Microcatheter Tech Transfer | C8: Terumo Medical | D8: Licensing | E8: 04 - Technical Evaluation | F8: 0.4 | G8: 0.6 | H8: 750000 | I8: =H8*F8*G8 -> 180000 | J8: 2026-11-10 | K8: Michael Chang | L8: APAC | M8: Deliver test prototypes for bench testing | N8: Open
A9: OPP-005 | B9: Custom Neurovascular Sheath Dev | C9: Stryker | D9: R&D Contract | E9: 06 - Closed Won | F9: 1 | G9: 0.6 | H9: 320000 | I9: =H9*F9*G9 -> 192000 | J9: 2026-05-12 | K9: Sarah Jenkins | L9: North America | M9: Kickoff meeting scheduled | N9: Won
A10: OPP-006 | B10: High-Pressure Balloon Catheter Shafts | C10: Abbott Laboratories | D10: Component Supply | E10: 02 - Discovery/Scoping | F10: 0.3 | G10: 0.6 | H10: 420000 | I10: =H10*F10*G10 -> 75600 | J10: 2026-10-05 | K10: Elena Rostova | L10: Europe | M10: Send technical specification sheet | N10: Open
A11: OPP-007 | B11: Endovascular Delivery System Delivery | C11: Cook Medical | D11: Manufacturing | E11: 07 - Closed Lost | F11: 0 | G11: 0 | H11: 210000 | I11: =H11*F11*G11 -> 0 | J11: 2026-04-18 | K11: Sarah Jenkins | L11: North America | M11: Lost to internal resource capability | N11: Lost
A12: OPP-008 | B12: Braided Shaft Structural Optimization | C12: Cordis | D12: R&D Contract | E12: 03 - Proposal/RFP | F12: 0.5 | G12: 0.6 | H12: 150000 | I12: =H12*F12*G12 -> 45000 | J12: 2026-08-30 | K12: Michael Chang | L12: North America | M12: Follow up on proposal feedback | N12: Open
B13: Total Active Pipeline | H13: =SUM(H5:H12) -> 2780000 | I13: =SUM(I5:I12) -> 739800
